,nb_ba,nb_std,dt_ba,dt_std,rf_ba,rf_std,knn_ba,knn_std,lr_ba,lr_std,svm_ba,svm_std,mlp_ba,mlp_std,xgb_ba,xgb_std,scaler,sampler,tomeklinks
0,0.3325144420796594,0.0016377825073477183,0.3495714475224087,0.026388900916432482,0.38434481877124665,0.030253892273925363,0.37595238989878704,0.023389908364842244,0.3333333333333333,0.0,0.3333333333333333,0.0,0.3333333333333333,0.0,0.37596640389694774,0.018753466254437492,no_scaler,no_tomeklinks,no_sampler
1,0.29863914866583563,0.03888985286043214,0.3271683452293055,0.0328852133223092,0.3823525692681925,0.027757733686383585,0.3303072895345343,0.05136080344813429,0.3333333333333333,0.0,0.2973151973182443,0.02243067910836776,0.3333333333333333,0.0,0.35594409384157544,0.02610146357175328,no_scaler,no_tomeklinks,rus
2,0.29802817038659646,0.049890094671498866,0.3326302465129188,0.03423636355561969,0.377238282156948,0.027330581198249323,0.3909117727381196,0.033762657736896205,0.3333333333333333,0.0,0.3175437791391231,0.05819085509846442,0.3333333333333333,0.0,0.3718362195225177,0.02585524390224061,no_scaler,no_tomeklinks,ros
3,0.2625126005585628,0.03246774998636226,0.3232693109625184,0.04693990251593782,0.3922763607240112,0.03701422555356608,0.377538267828736,0.041164295873716734,0.3333333333333333,0.0,0.28805168519153546,0.02460986363324596,0.3333333333333333,0.0,0.36673906164562314,0.023962304181980296,no_scaler,no_tomeklinks,smote
4,0.2625126005585628,0.03246774998636226,0.3232693109625184,0.04693990251593782,0.3922763607240112,0.03701422555356608,0.377538267828736,0.041164295873716734,0.3333333333333333,0.0,0.28805168519153546,0.02460986363324596,0.3333333333333333,0.0,0.36673906164562314,0.023962304181980296,no_scaler,no_tomeklinks,smote05
5,0.2718189214771695,0.05705327365253214,0.35208513024071836,0.02411266680656019,0.3762941406544341,0.032661473357051156,0.36566219036436787,0.047144508028030975,0.3333333333333333,0.0,0.296525680545657,0.04268805252021227,0.3333333333333333,0.0,0.36396577524045026,0.03218942922971648,no_scaler,no_tomeklinks,smote10
6,0.30679597520040114,0.05987964135125061,0.35872615100615357,0.024966785798453756,0.3739866884620089,0.03342497763701,0.3622222525518035,0.03785431968007935,0.3333333333333333,0.0,0.3016392534202979,0.04165663378304436,0.3333333333333333,0.0,0.3809596781822172,0.01243488481401951,no_scaler,no_tomeklinks,smote25
7,0.3113200971888791,0.06346973088908354,0.3033041765130033,0.08589780677309858,0.3400862524789835,0.05762781977861746,0.3644751227052906,0.044323210316798464,0.3333333333333333,0.0,0.3251546140181776,0.05208431074889607,0.3333333333333333,0.0,0.30499182848581685,0.06633462767786616,no_scaler,no_tomeklinks,nearmissv1
8,0.29049090890529716,0.10511277186945464,0.2928895998086843,0.06720130743220713,0.3329519754628518,0.08349995081251378,0.33332292494581445,0.05960900879209713,0.3333333333333333,0.0,0.29763857400539523,0.07271098107562922,0.3333333333333333,0.0,0.3126939116315834,0.06447851379305469,no_scaler,no_tomeklinks,nearmissv1_05
9,0.33613385698315307,0.07638498415462376,0.35184155019179214,0.04044753763208429,0.32530835699286087,0.082367478261436,0.3398274792865002,0.05180352591272115,0.3333333333333333,0.0,0.3454769048146519,0.05231244233891834,0.3333333333333333,0.0,0.34403791054959226,0.05377601380959551,no_scaler,no_tomeklinks,nearmissv1_10
10,0.29890615430525536,0.04794373369711757,0.31751873299945854,0.04027778174482031,0.32628186624305855,0.08988987059453864,0.31658095703610134,0.0715743480768165,0.3333333333333333,0.0,0.35093667731766004,0.041575077808041545,0.3333333333333333,0.0,0.3281902698832183,0.03929561332200288,no_scaler,no_tomeklinks,nearmissv1_25
11,0.3322971854344397,0.020250100832186313,0.3244051896277596,0.02338011542544741,0.3497665740569513,0.07181731063573644,0.3513391278968475,0.029242553707174504,0.3333333333333333,0.0,0.35002858826770655,0.05303090828831968,0.3333333333333333,0.0,0.32104187014743707,0.051413536704843554,no_scaler,no_tomeklinks,nearmissv2
12,0.3258598826340213,0.029404252625110344,0.341152816004636,0.03200344291047413,0.3645367653398166,0.07016705601676397,0.35288911995139516,0.035507311770434105,0.3333333333333333,0.0,0.3649388561248287,0.06125543311719844,0.3333333333333333,0.0,0.3263833223224747,0.05116696565527198,no_scaler,no_tomeklinks,nearmissv2_05
13,0.3397731656891657,0.034240117905742606,0.3471365951589954,0.030363484999566658,0.3716864112040385,0.04109843228471734,0.3662902966570856,0.030289779664002436,0.3333333333333333,0.0,0.35282727523428653,0.06496357238180392,0.3333333333333333,0.0,0.34505523575101765,0.032694222054533324,no_scaler,no_tomeklinks,nearmissv2_10
14,0.3432136030686641,0.022189990627166988,0.34656632850445057,0.020880269092144257,0.3646160779492218,0.02481215025579318,0.3633474270913301,0.029869773473416794,0.3333333333333333,0.0,0.31896848841296765,0.032936414240477455,0.3333333333333333,0.0,0.33960128865835054,0.020960475604082516,no_scaler,no_tomeklinks,nearmissv2_25
15,0.3656860613750811,0.057439671969474144,0.31079035674004285,0.06896508829888884,0.3647048160664791,0.08783242838231384,0.36256758089495117,0.05600644322543925,0.3333333333333333,0.0,0.3558862804356299,0.0571067683939285,0.3333333333333333,0.0,0.33560947200842506,0.0657177600341366,no_scaler,no_tomeklinks,nearmissv3
16,0.3599091488983416,0.05890029410568948,0.3323048966557401,0.05201560308314369,0.40423718510246054,0.029208345155252384,0.33772025586373383,0.07511344226839714,0.3333333333333333,0.0,0.355816375050238,0.06976647911180177,0.3333333333333333,0.0,0.3432272045928294,0.06776823817428478,no_scaler,no_tomeklinks,nearmissv3_05
17,0.3568378996331596,0.07359697984757625,0.37555869063663583,0.05908056381336402,0.3736605030914067,0.07655615717831198,0.3365188882527776,0.061077343559780096,0.3333333333333333,0.0,0.3518724353252455,0.06338111134771823,0.3333333333333333,0.0,0.3630517492114453,0.08462169475925943,no_scaler,no_tomeklinks,nearmissv3_10
18,0.3560829850244532,0.07667303469580676,0.33349749945212354,0.051810750689833415,0.36790006913731665,0.03924405095727234,0.3201669224671548,0.03477653584395868,0.3333333333333333,0.0,0.3396692379231861,0.07492748293530173,0.3333333333333333,0.0,0.3284050463962431,0.03462067849407362,no_scaler,no_tomeklinks,nearmissv3_25
19,0.3325144420796594,0.0016377825073477183,0.3622337327773586,0.029451735447049376,0.3735865106553534,0.02181409142895499,0.3727240393020154,0.02400811372333788,0.3333333333333333,0.0,0.3333333333333333,0.0,0.3333333333333333,0.0,0.3793949848120481,0.0256727701705294,no_scaler,tomeklinks,no_sampler
20,0.32921313591374785,0.048254097880616444,0.3345322482747894,0.05550106472390201,0.39622212130667367,0.037644827898369974,0.3431056763499583,0.08400969594976905,0.3333333333333333,0.0,0.3068636161290944,0.02656431439523943,0.3333333333333333,0.0,0.3769946845287907,0.03835041941458065,no_scaler,tomeklinks,rus
21,0.2969913169563673,0.04780098295600624,0.3453358933551923,0.0216036621765715,0.3758743422240738,0.027134881410997905,0.3702991036770795,0.04075091468815109,0.3333333333333333,0.0,0.30156650183757366,0.046165507463500365,0.3333333333333333,0.0,0.3622892672111311,0.027544542233040984,no_scaler,tomeklinks,ros
22,0.25683055355766415,0.03012468629093363,0.3540749030609576,0.03337809534224692,0.3993086282834556,0.02486079938294042,0.3563812050033569,0.023293962857958365,0.3333333333333333,0.0,0.28302517226925766,0.020007275951502056,0.3333333333333333,0.0,0.3537499388238202,0.03007222554574057,no_scaler,tomeklinks,smote
23,0.25683055355766415,0.03012468629093363,0.3540749030609576,0.03337809534224692,0.3993086282834556,0.02486079938294042,0.3563812050033569,0.023293962857958365,0.3333333333333333,0.0,0.28302517226925766,0.020007275951502056,0.3333333333333333,0.0,0.3537499388238202,0.03007222554574057,no_scaler,tomeklinks,smote05
24,0.29783673875493505,0.04636781725816677,0.36382427069429557,0.03849970178509899,0.39582498017406187,0.035977765190262426,0.3779328152797957,0.04716939147767343,0.3333333333333333,0.0,0.3129339738970113,0.04152814828782778,0.3333333333333333,0.0,0.3537733417517455,0.020237493462806705,no_scaler,tomeklinks,smote10
25,0.30790274566477993,0.05717856747739334,0.35725245216957696,0.03513555811318906,0.38944058284111127,0.038937930608459514,0.3423619189613,0.027837025832088868,0.3333333333333333,0.0,0.3052172619102254,0.04212156547398928,0.3333333333333333,0.0,0.35698925440540674,0.017430859807200477,no_scaler,tomeklinks,smote25
26,0.31028253825658336,0.06218957975130382,0.27307476612340986,0.057742185829748875,0.3492855594014025,0.06645989651817827,0.3562841832100032,0.0441264762377627,0.3333333333333333,0.0,0.3223574112209748,0.05106520047277346,0.3333333333333333,0.0,0.3094813350805866,0.048477772871161236,no_scaler,tomeklinks,nearmissv1
27,0.2909263530907414,0.10386071474484979,0.2968782892246601,0.07083226161681337,0.3382180797844284,0.07956667100178198,0.3347215263444159,0.060874178000375645,0.3333333333333333,0.0,0.29840485753029944,0.07138266727705107,0.3333333333333333,0.0,0.312363526125036,0.053702065895147005,no_scaler,tomeklinks,nearmissv1_05
28,0.3405109950623081,0.07645292913371893,0.3624717425192844,0.04113037282650036,0.3344722063043909,0.09187219927825045,0.33842887788789877,0.049184144883027366,0.3333333333333333,0.0,0.3454769048146519,0.05231244233891834,0.3333333333333333,0.0,0.35024639253498885,0.04587064991767678,no_scaler,tomeklinks,nearmissv1_10
29,0.3009981954059172,0.05138449603328118,0.3160751283357728,0.04168182086975876,0.3292481561931596,0.09863377253471098,0.31658095703610134,0.0715743480768165,0.3333333333333333,0.0,0.35093667731766004,0.041575077808041545,0.3333333333333333,0.0,0.3288945745936082,0.03757932788456628,no_scaler,tomeklinks,nearmissv1_25
30,0.33297058610784036,0.020838788077175804,0.3262668805409113,0.020271699112683027,0.34934162509225924,0.06956962991541239,0.34997557916487776,0.028789964044894766,0.3333333333333333,0.0,0.3524296959319721,0.05123371800797842,0.3333333333333333,0.0,0.32933555910770995,0.04249635547833655,no_scaler,tomeklinks,nearmissv2
31,0.3253444614951383,0.02993489025172634,0.3358190052764122,0.03417675523081122,0.3568390243923239,0.08137297249100794,0.3510243180865933,0.035176072585382245,0.3333333333333333,0.0,0.36377943583497363,0.060392716518636536,0.3333333333333333,0.0,0.32856048239437163,0.04973757458208372,no_scaler,tomeklinks,nearmissv2_05
32,0.3392719125563336,0.033721408122420145,0.345993200004711,0.02958699243933334,0.36680233119518535,0.03754310552185187,0.3662902966570856,0.030289779664002436,0.3333333333333333,0.0,0.35282727523428653,0.06496357238180392,0.3333333333333333,0.0,0.3420755588942991,0.030728703432540763,no_scaler,tomeklinks,nearmissv2_10
33,0.3457198687328245,0.024105198800234765,0.3401948385896704,0.020131753002804884,0.37221946324631455,0.0234583147870495,0.3661090481250465,0.03166102621882431,0.3333333333333333,0.0,0.31896848841296765,0.032936414240477455,0.3333333333333333,0.0,0.34038954860842857,0.016606119862634845,no_scaler,tomeklinks,nearmissv2_25
34,0.3727313131960429,0.05428635045617666,0.39602069334031015,0.05269262713747788,0.394567482205613,0.06525972640526517,0.35884559594016363,0.03971353940797436,0.3333333333333333,0.0,0.3497198147932071,0.06465602560610224,0.3333333333333333,0.0,0.3590212090961581,0.06846940028041107,no_scaler,tomeklinks,nearmissv3
35,0.3564944927266661,0.06162461929125699,0.3275525269223305,0.02989852519209186,0.38361309673236405,0.057948423909377676,0.3134495509132372,0.060231026312070966,0.3333333333333333,0.0,0.3538896833209147,0.07881467488221428,0.3333333333333333,0.0,0.3402153279861832,0.08122519201536785,no_scaler,tomeklinks,nearmissv3_05
36,0.3563716991669591,0.07328419268072262,0.3601353882052093,0.06160772170050241,0.38827247659235214,0.08664529684936319,0.33168982565375127,0.06286572561743063,0.3333333333333333,0.0,0.351177990880801,0.06244998655476577,0.3333333333333333,0.0,0.3660376177643415,0.09254812694364684,no_scaler,tomeklinks,nearmissv3_10
37,0.3565928575162488,0.07803602650330214,0.3340484991277361,0.06852972952569893,0.35250766064513256,0.045738187296113904,0.31654263160728935,0.043206142913300154,0.3333333333333333,0.0,0.33619097705362083,0.07426046955542268,0.3333333333333333,0.0,0.3175618015945457,0.04470576756581669,no_scaler,tomeklinks,nearmissv3_25
38,0.33238156087352827,0.022213382519260513,0.3516644933654546,0.02544418398466366,0.38438298238952845,0.031247904664926877,0.34797905474209795,0.020072885424843784,0.37442539500232364,0.01144842388640289,0.3671728225335539,0.01889126072934595,0.35847595993567294,0.02816585361017579,0.3749749546856843,0.018980684926591437,standard_scaler,no_tomeklinks,no_sampler
39,0.33619926416989054,0.02543628999225791,0.32766959836213755,0.03258240065859649,0.38065561855808394,0.02821139573062544,0.37766123797499135,0.031152107642786333,0.3402755196169719,0.032795014214470904,0.36307160809681016,0.0369740080185773,0.3457353592238669,0.02545893476895979,0.3554428407087434,0.026757265214237894,standard_scaler,no_tomeklinks,rus
40,0.3317526300559182,0.02299836507040434,0.33578796267957245,0.0332275199229756,0.3795628091547544,0.027068411813375597,0.3483444871212404,0.030158138282392093,0.38081406775084525,0.022540461960198196,0.42518747534229373,0.05655702191447247,0.3995784888274967,0.03585701661872866,0.37097582023946446,0.026958152755696407,standard_scaler,no_tomeklinks,ros
41,0.33473298168981425,0.025230418552958676,0.37218482244483236,0.04627801367166062,0.3886876485132481,0.04082040610213066,0.35655851844962905,0.0217474925810341,0.3702798435138683,0.025778692213177353,0.4088975164379707,0.0670432972092719,0.3928389554481489,0.06173336821229898,0.35373733209702807,0.0033664072508458602,standard_scaler,no_tomeklinks,smote
42,0.33473298168981425,0.025230418552958676,0.37218482244483236,0.04627801367166062,0.3886876485132481,0.04082040610213066,0.35655851844962905,0.0217474925810341,0.3702798435138683,0.025778692213177353,0.4088975164379707,0.0670432972092719,0.3928389554481489,0.06173336821229898,0.35373733209702807,0.0033664072508458602,standard_scaler,no_tomeklinks,smote05
43,0.33014518858487485,0.02371147674528762,0.32731516100706415,0.04359253069038299,0.41433413896349214,0.07178199497789689,0.36658013473341927,0.01842589943739845,0.38388551869792686,0.04584125337438218,0.41345153791463096,0.037087962685875074,0.3909138290471522,0.061096266716736666,0.3686435064079919,0.02441503806248941,standard_scaler,no_tomeklinks,smote10
44,0.3360583519908472,0.025433072041973096,0.36971546935545774,0.030286759668801424,0.40240955138123147,0.04589144177571857,0.36235934726395574,0.028277709265856477,0.38612962180994037,0.04114990680626311,0.4087702113026436,0.0679440914763976,0.39255356057278734,0.04802545681009275,0.3670863889292172,0.035432553409706705,standard_scaler,no_tomeklinks,smote25
45,0.3033026019439617,0.02753699483241977,0.3180519228666596,0.058762763299028166,0.3012253970904898,0.02888022658881859,0.29698681971754615,0.0650787481364917,0.2750722585004034,0.0507626877816382,0.23129577989971545,0.08656189607545177,0.2631984330025996,0.08322210111208815,0.32371786406640446,0.05297740992287186,standard_scaler,no_tomeklinks,nearmissv1
46,0.29584999467984574,0.03834807328399575,0.31506111805863773,0.05978794543119322,0.2897405596736652,0.044270947724534465,0.2862433109649595,0.07158857429245845,0.2764238769938693,0.050975495252451763,0.25655284457922056,0.06960388495473532,0.25909341045655265,0.09115617552651918,0.3194568100979386,0.0435194756164614,standard_scaler,no_tomeklinks,nearmissv1_05
47,0.27804002933437644,0.04317525172130133,0.2770766530500687,0.02180495272381991,0.27652534978391674,0.058431312867609664,0.2948939512219339,0.0735334534051633,0.2602501631259191,0.05662841000528334,0.23266538849095664,0.08246715308214292,0.26081564001295254,0.08064034454290146,0.3132949292049505,0.07318148458149908,standard_scaler,no_tomeklinks,nearmissv1_10
48,0.29564719563486946,0.053927676753737504,0.31281599746103095,0.05787237546420295,0.2759145385711322,0.03970395238163023,0.2973527357474107,0.07197405641359024,0.2644725124600228,0.06673693251685651,0.26126889361933403,0.07473341743426756,0.25206370300970893,0.07877499083881663,0.32054575129512425,0.0707712470510429,standard_scaler,no_tomeklinks,nearmissv1_25
49,0.32201061576893447,0.039331440864624194,0.3469018849957572,0.03179722030309722,0.34528694832840257,0.020530632963806125,0.37449842977352654,0.039270764465995076,0.3468020943766596,0.039542452508436986,0.3298887051365605,0.03731060549546036,0.33777105548398473,0.04445925493439307,0.35705199758186035,0.01772487376218075,standard_scaler,no_tomeklinks,nearmissv2
50,0.30001543968869904,0.04564459539051606,0.3593779285329683,0.013200388366770855,0.36252891080907546,0.037931089432369926,0.35816850543976597,0.05749409649762282,0.3541962380060173,0.05341254473548632,0.300237130857239,0.046444686386088105,0.3437679760421576,0.035670806533441,0.3752406650129377,0.020883171939172527,standard_scaler,no_tomeklinks,nearmissv2_05
51,0.3084007492256373,0.024030681277315304,0.36390636983923946,0.030122990770489487,0.3578221338938178,0.03445386768691964,0.3803037132321338,0.042523280652240765,0.3487789756271715,0.054213467863440605,0.3343613964554707,0.04138785511552931,0.3455408430546702,0.022150361680974846,0.3459722743936202,0.008179790763292392,standard_scaler,no_tomeklinks,nearmissv2_10
52,0.32291684945601534,0.05082855440814236,0.3272227950371881,0.032317754519801,0.3402362407184989,0.03200239547362622,0.36074397209972786,0.02590406307516931,0.32946486328645097,0.06348938475753625,0.3262120833738119,0.030250585736373268,0.33240149945842545,0.040380994807578674,0.33016510717364383,0.03276151322855812,standard_scaler,no_tomeklinks,nearmissv2_25
53,0.3571619639929067,0.03674167311081046,0.38855377351101755,0.08340896720790002,0.3771550526313704,0.05891449971342709,0.4075628628022153,0.05530562212046198,0.3466170186470018,0.07729899734568227,0.38504139976333207,0.07908628137274619,0.36763870595974557,0.04455811076023427,0.3649119750673765,0.04823954163825191,standard_scaler,no_tomeklinks,nearmissv3
54,0.35752452633507126,0.025890358668662954,0.3514319003232084,0.03989342258106077,0.34607541515856494,0.03116375114142817,0.3565010123649665,0.019247382349352634,0.36719909618386526,0.04543566618506334,0.3715161459128302,0.02625296971714296,0.3743395791769066,0.03094259682109123,0.3638104714137461,0.012145127803498813,standard_scaler,no_tomeklinks,nearmissv3_05
55,0.34590420877307143,0.023203997618046097,0.37373658241367647,0.05557233687036902,0.3655692475379798,0.024249017037861427,0.3500135256429563,0.02004292209004808,0.3493694652313678,0.03818940811255288,0.3624201359513552,0.047153993999411316,0.3578140389075132,0.04058399394366249,0.355521298864042,0.029566045479196695,standard_scaler,no_tomeklinks,nearmissv3_10
56,0.329926505705585,0.02378860357430289,0.33419990430447893,0.053046052259061956,0.364607518806228,0.022743234498623224,0.33609969949251217,0.022317475972423024,0.35905106915788926,0.033945413774811514,0.3486638366112334,0.042606377282765465,0.36632505830520923,0.0476366916662989,0.3656167114898886,0.01507760537847168,standard_scaler,no_tomeklinks,nearmissv3_25
57,0.3326756137991601,0.021409234790323684,0.3550944768979429,0.012315113269252779,0.3871942914664845,0.03202112095405361,0.33802708355867606,0.021336304027599652,0.37181488582584976,0.005264489552204976,0.3711136075652315,0.022504863418099135,0.35543411782073203,0.027474037108056532,0.3860568218140849,0.02977140004497833,standard_scaler,tomeklinks,no_sampler
58,0.3334114869402359,0.037935799703502554,0.34665448159713674,0.020253734173246284,0.41261114457534837,0.04849830686597686,0.380626507571855,0.01525376807268283,0.3516507145362765,0.046030183891772415,0.4038456745909462,0.0668693438024826,0.3688357162465159,0.03625134363298391,0.3500766163095711,0.038561821967139885,standard_scaler,tomeklinks,rus
59,0.3311096903427203,0.02435912494340419,0.33970279749727617,0.01594246448299834,0.3719388196211991,0.028948741845854022,0.35619731680968886,0.02772216637194318,0.36590944253955726,0.031519470456715354,0.41867883703284586,0.05696802921011364,0.4041395276177745,0.04822866037847636,0.3750319913197477,0.026542014834451462,standard_scaler,tomeklinks,ros
60,0.3356066360522555,0.023710995588074022,0.379385333086537,0.05342901970675529,0.42823088045977603,0.07555783718351751,0.3589317019189236,0.02569222454308094,0.3711766496667445,0.03773179283113244,0.4357769406794755,0.07827625897386867,0.39584608481887557,0.04608346544266538,0.40303722958701477,0.03234505575898669,standard_scaler,tomeklinks,smote
61,0.3356066360522555,0.023710995588074022,0.379385333086537,0.05342901970675529,0.42823088045977603,0.07555783718351751,0.3589317019189236,0.02569222454308094,0.3711766496667445,0.03773179283113244,0.4357769406794755,0.07827625897386867,0.39584608481887557,0.04608346544266538,0.40303722958701477,0.03234505575898669,standard_scaler,tomeklinks,smote05
62,0.33578242848226836,0.025645864343282296,0.38285202633976334,0.08100999048437955,0.40550785031621556,0.07052841776266569,0.3444067203249091,0.017555987032268423,0.39026821008880025,0.04077484830115722,0.42006545262470424,0.05852001404391645,0.38111004259631864,0.057675522389320846,0.38684347310727735,0.03167436216966525,standard_scaler,tomeklinks,smote10
63,0.3371715010536681,0.02683141886979864,0.4134506679077713,0.03472559000956017,0.3893502249086526,0.061708793537023285,0.356230671993136,0.012568921200920303,0.3754732799794685,0.04586805020968851,0.4281124786881548,0.09060800513843238,0.3882634608706527,0.054484322260176285,0.37933653744206286,0.030832593390619483,standard_scaler,tomeklinks,smote25
64,0.2938002063675963,0.02153096280302061,0.33143965702476685,0.06319490350839693,0.32258149299662364,0.03235338201817852,0.3140949000275667,0.04677066665982943,0.2924509533556835,0.03569108394212352,0.28542757376529493,0.0698173460885371,0.27972342169956116,0.10112649331170029,0.35442249237985024,0.05164353953142751,standard_scaler,tomeklinks,nearmissv1
65,0.2982199772675248,0.025155082364564034,0.2869748009101805,0.04271717086609417,0.3057712018195582,0.01753647435208073,0.3037876195250579,0.03676779268749138,0.27343701128736686,0.05156251368814566,0.2474000215577259,0.08338464096650076,0.2665289498734279,0.12464527392066554,0.339041839390041,0.038197027415642945,standard_scaler,tomeklinks,nearmissv1_05
66,0.29564163023233225,0.03629754171437359,0.30626582591955065,0.04685571275041871,0.2981038634411795,0.060277988281207055,0.30250380926409487,0.046615337896593036,0.26863672057242566,0.05932819026653877,0.2489514580910182,0.08756605496006097,0.2650867460158668,0.09798318969848557,0.31371789909354564,0.055009916882404225,standard_scaler,tomeklinks,nearmissv1_10
67,0.295528337488578,0.02583403855320067,0.2761706295827082,0.06284246264145384,0.30365882065154465,0.048834837602911026,0.31970870963073794,0.047496269099501935,0.29396080559760046,0.06474572724891352,0.27787608922736273,0.07049608968545347,0.2853960494209343,0.08554291518428937,0.32134295341978963,0.037233704843886335,standard_scaler,tomeklinks,nearmissv1_25
68,0.3386131780105358,0.038532307919616635,0.34317986109254567,0.04568480774204046,0.3618329724710761,0.022413941710019026,0.3882162502941725,0.03823300497656668,0.3514942529188396,0.05387760911031825,0.33757613237141376,0.03140515522707673,0.3494817263123072,0.047507415887529096,0.35868247967545297,0.027758504363727756,standard_scaler,tomeklinks,nearmissv2
69,0.31761640146476117,0.054190081591480484,0.33963591274623267,0.045459954404055446,0.353869475058689,0.013565212945750148,0.35239292777311493,0.05785318837366064,0.3368558003111658,0.034422741514181024,0.3135927296061519,0.04694602741962575,0.3038362940867104,0.045109496086360404,0.34311875568390315,0.013420636845834841,standard_scaler,tomeklinks,nearmissv2_05
70,0.29790680288888255,0.022552685964556902,0.3608527689109085,0.011727628474430296,0.3458020326514386,0.010535502673201767,0.38807470855970727,0.05073399323336331,0.33523260770065433,0.04616777908819088,0.3297215562947454,0.03911991490418461,0.3242575002984937,0.04297423870535655,0.34193917465994916,0.015708368978236627,standard_scaler,tomeklinks,nearmissv2_10
71,0.3007798471519795,0.03266440809660134,0.3370987103602571,0.04103325898176489,0.3601708813266821,0.024640750631583285,0.368013736501693,0.02379801657970703,0.3273789641653948,0.06412491902738576,0.3347897332959644,0.03209527185352599,0.3341788069551388,0.034568443589177995,0.3192294062550311,0.0424380435431003,standard_scaler,tomeklinks,nearmissv2_25
72,0.35403232398964224,0.023451704676013024,0.3823425769688392,0.04900811079864804,0.36299200015268274,0.043779290171435406,0.40202262092291663,0.04752015429699967,0.35371414599094136,0.07568146589656158,0.3657195083047793,0.08546464009519919,0.36601661720287754,0.052149718297959065,0.36502320980279046,0.07984788690275404,standard_scaler,tomeklinks,nearmissv3
73,0.34210857846752873,0.02114941001897978,0.36399509363796156,0.044299090325472586,0.37536108283146274,0.018145383125384808,0.3474052987093965,0.0362215327517452,0.37806997717617613,0.0368277219326692,0.38005770165734853,0.019027442188187232,0.36924775456216136,0.04071602102969705,0.3693782217702598,0.02104623166959056,standard_scaler,tomeklinks,nearmissv3_05
74,0.329152080849277,0.031145579948429793,0.3551002814606894,0.02718033407303633,0.3596295789501661,0.03678798173561956,0.3578264697588209,0.015526383109540147,0.3576621613674734,0.02228271349626569,0.3731310212918429,0.028560602759804918,0.3656888049040791,0.027204948314561703,0.36883341874010267,0.007783718356813369,standard_scaler,tomeklinks,nearmissv3_10
75,0.3421216097525788,0.029751404742749076,0.33164074784776454,0.04959352923108094,0.3664236422522746,0.02570497113284219,0.33989569437279676,0.017032216174455907,0.3746812448978084,0.03609345235268158,0.3512046424482166,0.04080178733088181,0.3434779249343442,0.04588960027981444,0.3579007099737236,0.025905535160319522,standard_scaler,tomeklinks,nearmissv3_25
76,0.3309128541416636,0.02281981306056615,0.34959249129345255,0.028086332774594058,0.383560860260306,0.030155658155030525,0.3422828414369511,0.023052669324091786,0.37364223588249695,0.00813258936486981,0.3771365967523259,0.018830610953957612,0.36244619098867964,0.02249099072310177,0.3754651507641157,0.019502875519858815,robust_scaler,no_tomeklinks,no_sampler
77,0.3358430471863151,0.027910156159945805,0.3266704691673365,0.033559601091731006,0.3797890265730709,0.027705388816434372,0.39216298303615765,0.05173195058304641,0.3646883545513336,0.04293016732420162,0.37143117758344824,0.03303019485674933,0.35257419445111815,0.034083190677234865,0.35594409384157544,0.02610146357175328,robust_scaler,no_tomeklinks,rus
78,0.3317526300559182,0.02299836507040434,0.33169784558051785,0.03483413089682448,0.37939900846558716,0.027409105556058393,0.3508449105770472,0.05553995455808602,0.3807999289461349,0.02101065297197228,0.4058441639751976,0.0308872020435668,0.3955127014769969,0.0557694396819155,0.3718362195225177,0.02585524390224061,robust_scaler,no_tomeklinks,ros
79,0.3344172398850569,0.025616065047870444,0.3854999452281552,0.06430260026414344,0.40778371319657103,0.05853668874858519,0.3616146283936631,0.039661184223938654,0.3820303439154657,0.04141467269533875,0.40445149513032963,0.058751037646850544,0.37647473227123934,0.06208270311139785,0.3724362744902384,0.010046881774640023,robust_scaler,no_tomeklinks,smote
80,0.3344172398850569,0.025616065047870444,0.3854999452281552,0.06430260026414344,0.40778371319657103,0.05853668874858519,0.3616146283936631,0.039661184223938654,0.3820303439154657,0.04141467269533875,0.40445149513032963,0.058751037646850544,0.37647473227123934,0.06208270311139785,0.3724362744902384,0.010046881774640023,robust_scaler,no_tomeklinks,smote05
81,0.3305972210450244,0.02445054242155254,0.36974731690053075,0.036324625038050055,0.4065610168415299,0.054151850399943476,0.370196882897439,0.02914795486194617,0.38851694280255133,0.040603005879252724,0.39935568553344786,0.057481183026175664,0.39410474158553804,0.06114100668359085,0.36942193692068614,0.016443223961623468,robust_scaler,no_tomeklinks,smote10
82,0.33128504755783317,0.023764999507329698,0.3735867794722274,0.028411575040545336,0.40011945587510606,0.051481105052858356,0.3554646344014617,0.029364676977113036,0.3829184613487916,0.03308995330872336,0.39510593724551046,0.060663319458831105,0.3812237439336507,0.04224554055253617,0.38690125931701014,0.031845568877179445,robust_scaler,no_tomeklinks,smote25
83,0.2972354309816605,0.023042372713710513,0.33011302258980824,0.0627386296092697,0.3071921395329181,0.03106498040401788,0.3301428578988113,0.07612404341710864,0.295143718368318,0.03979664983626257,0.2876394847621075,0.059339484085758704,0.26861363339394895,0.05369810365449243,0.33972027647972286,0.05309471516309302,robust_scaler,no_tomeklinks,nearmissv1
84,0.30638063490306416,0.03134584704330476,0.3264074262588735,0.07612418990139733,0.28898820713988177,0.04229758341383342,0.29976860084441115,0.057661152488895175,0.3008657195179768,0.05782259348988901,0.2652241740261904,0.05752514173392359,0.2842042184691006,0.07386319703773854,0.3175333065117931,0.04903034501527531,robust_scaler,no_tomeklinks,nearmissv1_05
85,0.27057296508112705,0.0362613322314358,0.29565479139073475,0.03212969958211648,0.284743598353728,0.030043527250372456,0.3036151495599528,0.07568489840889837,0.268617724065958,0.05727090432366316,0.2560605838498219,0.076682627650758,0.2571222768536173,0.06897744802416038,0.31899759476819856,0.07145124325296516,robust_scaler,no_tomeklinks,nearmissv1_10
86,0.2809154910731262,0.02433780392629251,0.3067350588629528,0.059524409467843695,0.3086374030163044,0.04303783438620378,0.3017029118824057,0.07057363611405137,0.27392575813211845,0.047787720208377224,0.28605047451168414,0.058939867043267424,0.28184809267681243,0.043086707917099835,0.34394204577024867,0.06699043186851106,robust_scaler,no_tomeklinks,nearmissv1_25
87,0.3351245915903141,0.04286658871506298,0.3356060195592824,0.035085623265100785,0.32623846405323087,0.03560645282631919,0.35634526976510095,0.05123569461018632,0.3482896768801766,0.06673219895748488,0.3082531640076695,0.01598259802515161,0.32745993563042025,0.0716466163308737,0.33582249703960476,0.030486826113621655,robust_scaler,no_tomeklinks,nearmissv2
88,0.34900561234878963,0.03176991596978759,0.32265106524855336,0.02783462444873581,0.32622397447824547,0.025752398828590855,0.36014683372425205,0.04411065480088517,0.34805099585282157,0.063125688424775,0.31342285606255527,0.02748336186155968,0.33777482702900874,0.043709407472130805,0.3421766318209958,0.03495662763935428,robust_scaler,no_tomeklinks,nearmissv2_05
89,0.34097907183605003,0.022297259117021767,0.3430190197774345,0.010562369708214479,0.3519409392619141,0.018823226975411063,0.3709414192327256,0.022589155182375215,0.3444707486715874,0.06448125740275867,0.3360800823259439,0.045393610277127974,0.33109404733767855,0.024725107128756724,0.3489186702832709,0.03150907015201704,robust_scaler,no_tomeklinks,nearmissv2_10
90,0.32983312859939407,0.029426436624851948,0.32399591112301496,0.04061057323228717,0.35686372819635576,0.045185005132453875,0.37985597469654886,0.03661806825426246,0.34462674262873927,0.0652974622735828,0.3509663163938843,0.02467815641950844,0.3477303748185493,0.058052053486500096,0.35442138172585336,0.0071530293155722575,robust_scaler,no_tomeklinks,nearmissv2_25
91,0.354234141233432,0.03744104683061731,0.34731284244758287,0.02509511801286627,0.36807526384977535,0.050823151271586535,0.3876850174037981,0.038791393213529354,0.37516156949833374,0.023644453772556234,0.35034718933887155,0.01889550647411728,0.3780295919639478,0.03401461567914723,0.34412301124175604,0.04864892676996453,robust_scaler,no_tomeklinks,nearmissv3
92,0.3880844127638746,0.027011626897552023,0.3473720505930708,0.06674670939207869,0.3477627957857004,0.04582634600248062,0.3718044437591129,0.03333860757610702,0.35049617855278037,0.038944028331474846,0.36567763879188525,0.024255016678444374,0.36037062878151427,0.04915747458095029,0.3620905796940782,0.085931901438986,robust_scaler,no_tomeklinks,nearmissv3_05
93,0.35473496165254786,0.03913805814738227,0.3793225527926646,0.07583774366315296,0.33875578228232617,0.030365542371445203,0.3713258553366675,0.03621794653232724,0.3530971535911143,0.07167585082195585,0.36837540685878917,0.035573216664907606,0.3633119691375506,0.044097118687631845,0.33883894087882005,0.053021513170610754,robust_scaler,no_tomeklinks,nearmissv3_10
94,0.35389792678639254,0.047123763110592486,0.3471793353012047,0.03298387877114597,0.3409873122621144,0.03028419068486092,0.33255436592276455,0.03591288262707105,0.3269832676590102,0.0635697334723828,0.34689641418323347,0.03618146567061524,0.37129179327019873,0.04711157969686357,0.3369215631117505,0.029952912070717083,robust_scaler,no_tomeklinks,nearmissv3_25
95,0.3304771146356659,0.02444293896042072,0.3348552919050851,0.026164163744091074,0.39321289642802393,0.0245984555071288,0.33857343077123014,0.02121932928975864,0.3718409709069081,0.00845694958196052,0.3763558034912829,0.01577297784440009,0.3680938630312556,0.027614406993630554,0.3762072725352686,0.022443630256474077,robust_scaler,tomeklinks,no_sampler
96,0.3270235362542442,0.023791683825577455,0.40108205577872835,0.07661350399536691,0.39907165657168797,0.05871561934598912,0.41482823977904354,0.05297396611713764,0.35206001708164414,0.0808404473436688,0.38958485093522904,0.06839763161852858,0.3696780676529858,0.05097586570510199,0.3765904312150363,0.08778476465070363,robust_scaler,tomeklinks,rus
97,0.33111572047579213,0.025024306677814502,0.3450800853373393,0.020632312431730658,0.3728213289896257,0.03152331076803263,0.350184303694346,0.0331881061682827,0.3668981886590177,0.031515347027708224,0.41175648175930635,0.05349701906600578,0.3918465894718127,0.03534562288586787,0.3663518922316936,0.027752299064999656,robust_scaler,tomeklinks,ros
98,0.3319333822812453,0.025100255355516864,0.3448471597298503,0.03646861290818028,0.39474160636327643,0.04618310477007501,0.3552476401696583,0.028483215742993322,0.3820266532117678,0.05170411736426051,0.4060704011563785,0.07720607656833857,0.386261262261376,0.03564835424015035,0.37250287754926614,0.018085771663739307,robust_scaler,tomeklinks,smote
99,0.3319333822812453,0.025100255355516864,0.3448471597298503,0.03646861290818028,0.39474160636327643,0.04618310477007501,0.3552476401696583,0.028483215742993322,0.3820266532117678,0.05170411736426051,0.4060704011563785,0.07720607656833857,0.386261262261376,0.03564835424015035,0.37250287754926614,0.018085771663739307,robust_scaler,tomeklinks,smote05
100,0.33257337015325605,0.024351131661207802,0.3897443995958486,0.05958766674593546,0.41780073922566174,0.06616385123813559,0.37513447019484886,0.02535968222286099,0.36787068092107533,0.03260665284807916,0.39927798009617527,0.06535879538019777,0.39428617786962306,0.05866649066561332,0.40883630895848644,0.020063177494532722,robust_scaler,tomeklinks,smote10
101,0.33230833976118396,0.023430320818593652,0.34606113603640587,0.0408601480531609,0.3892929405610743,0.05241882518941514,0.34814872769841654,0.023376209006906755,0.38871375824855087,0.0358961630462712,0.39730661975978687,0.05701638203816985,0.38084601576507726,0.06007178047564277,0.40511095394486796,0.016161058546544843,robust_scaler,tomeklinks,smote25
102,0.3003549156900008,0.01940764695227694,0.32137163316754885,0.04306961548439123,0.3152167225004373,0.04569546994189889,0.35664771129047007,0.07270653378664207,0.2968581906210698,0.0363424329429507,0.28954448423851964,0.039996807350662626,0.2870171886701073,0.04569218409759072,0.3373578623919314,0.050727809449429964,robust_scaler,tomeklinks,nearmissv1
103,0.29564597823171485,0.022542263838300217,0.30518550469012584,0.04725430774319141,0.31295938637092785,0.039376981450433744,0.31713766222047085,0.047655713217308986,0.30397485841615307,0.05607278963959204,0.28867517233365275,0.04405331314737487,0.28058820947493096,0.05544655561795851,0.33284842182878605,0.04469755646310557,robust_scaler,tomeklinks,nearmissv1_05
104,0.2763685880580323,0.02300201003978253,0.2769649666531266,0.045543635716869355,0.3144709795876327,0.06216489877611073,0.32399110535213727,0.05687823164046309,0.2904734889221695,0.04899364009330925,0.28241633121334264,0.05400285391436831,0.30021377094192603,0.0714504682521538,0.3358837162199887,0.045439192073077374,robust_scaler,tomeklinks,nearmissv1_10
105,0.2927443249597798,0.020722250203593005,0.29153395367662543,0.042771951231165575,0.3250395995111629,0.05381973467874197,0.3257255306029531,0.044915663892497154,0.30233041407704153,0.03272614456925569,0.3056967607530867,0.04416621759462902,0.2994217491773652,0.06295604863566404,0.34595040665198207,0.03945848686570895,robust_scaler,tomeklinks,nearmissv1_25
106,0.34309126758578246,0.04350975582790534,0.3266247577159274,0.019706610537784098,0.33299989456457774,0.025209647942580092,0.36604577310054964,0.027786466733860395,0.36142738136398406,0.05097930853412368,0.3343814604617825,0.027195864099670213,0.3416971417265565,0.048148097572894344,0.32606859312539843,0.015565577935594542,robust_scaler,tomeklinks,nearmissv2
107,0.3341368427107758,0.037607514452234744,0.33784366364226825,0.0167783618549566,0.33164958283905416,0.018056507365919683,0.36641588934715885,0.024371313753651203,0.36215618059937216,0.053101364094683245,0.31674241283639637,0.015560461640044642,0.33039396459308945,0.046596584716572,0.3266722965673069,0.013630534329617304,robust_scaler,tomeklinks,nearmissv2_05
108,0.35568164575589223,0.044843653697743034,0.34216162272681894,0.01819520493091434,0.33865016074891485,0.007507646911900178,0.3880531666406619,0.023475790481228394,0.3524745273711424,0.05456304908332292,0.32286138297952405,0.03458400783481208,0.3417777737943393,0.029841282428393838,0.3500968528266869,0.03915080208709496,robust_scaler,tomeklinks,nearmissv2_10
109,0.32102704590682957,0.02340592370617843,0.332026903677905,0.033049481952408095,0.3677601244203279,0.02468526497523366,0.3656196583012863,0.03393548249394286,0.337950482914729,0.07965911213438119,0.3567257266414549,0.023485067881980848,0.3468370813478542,0.0439869913253128,0.3297482458024132,0.036274658406744716,robust_scaler,tomeklinks,nearmissv2_25
110,0.3554855898769508,0.03890115474454776,0.3377172747322977,0.05442117569637503,0.378500077693587,0.029430173438611148,0.3895518121462109,0.02225880732247872,0.3990748256815641,0.043015996181226195,0.37374195556445844,0.014033062627359635,0.3637143289959747,0.038499304319507856,0.3223706796965561,0.05431214807369733,robust_scaler,tomeklinks,nearmissv3
111,0.3706463861681285,0.017728182286186524,0.374902436022497,0.07287649954215464,0.35133616625323105,0.029618267918969408,0.3887651633610881,0.027415115123732313,0.3646518713653677,0.047351612070603684,0.3841326881725732,0.023502314034525275,0.3777473240541463,0.06275776581345127,0.3612322649830973,0.07155844948324443,robust_scaler,tomeklinks,nearmissv3_05
112,0.3263544320483525,0.02907128574952754,0.32722014681638845,0.014308906553475508,0.34331155374187766,0.025681520372457252,0.37428487091964746,0.0309768120189167,0.33866807636570423,0.027543240232030145,0.35517242242049674,0.02585691659823423,0.3265445338532396,0.04191166785803055,0.33924765344901425,0.016894514292369687,robust_scaler,tomeklinks,nearmissv3_10
113,0.3391118758044481,0.026602986325611946,0.3451507427877286,0.04498847246441309,0.3508454226481141,0.03943795335128543,0.32417753526792165,0.03806410824148304,0.3347808713516943,0.054716483691407906,0.3546580882089009,0.035704372251201454,0.35865493212513583,0.060805330232126885,0.35871220889271366,0.059409554349729596,robust_scaler,tomeklinks,nearmissv3_25
114,0.3309128541416636,0.02281981306056615,0.3507560880452846,0.02729435507131046,0.38244648418115645,0.029187358975952607,0.34904727877470426,0.015840663508720376,0.3740183987838778,0.006840396011283798,0.3690388085655216,0.010706173090588684,0.38739961167186643,0.020783351109203978,0.3754651507641157,0.019502875519858815,minmax_scaler,no_tomeklinks,no_sampler
115,0.3358430471863151,0.027910156159945805,0.3271683452293055,0.0328852133223092,0.3822344578978126,0.027746558712155,0.3862268768448168,0.03357559656976219,0.3861548095934649,0.06752266341464376,0.4275771642417759,0.08143374518852702,0.36957552753097506,0.05200878195820024,0.35594409384157544,0.02610146357175328,minmax_scaler,no_tomeklinks,rus
116,0.33075012379025404,0.024109806208958084,0.334389361280971,0.03402763931331722,0.37922428154590104,0.02751225273139248,0.35622513638656006,0.02750004144269637,0.3778591891942613,0.018546434345101493,0.4133977841521439,0.06085712212183518,0.4104551868688768,0.03155375416321665,0.37182516246811703,0.027109430080010585,minmax_scaler,no_tomeklinks,ros
117,0.33491849301788895,0.025056636448910225,0.3739507006655207,0.051085259492898195,0.3775618197137279,0.023347767475081986,0.3588819001129993,0.04680421098163775,0.37297922535064043,0.03964075435631625,0.4129093656120465,0.0731183247197307,0.4190129883009848,0.023455025773719836,0.3698180905440668,0.008690829783180705,minmax_scaler,no_tomeklinks,smote
118,0.33491849301788895,0.025056636448910225,0.3739507006655207,0.051085259492898195,0.3775618197137279,0.023347767475081986,0.3588819001129993,0.04680421098163775,0.37297922535064043,0.03964075435631625,0.4129093656120465,0.0731183247197307,0.4190129883009848,0.023455025773719836,0.3698180905440668,0.008690829783180705,minmax_scaler,no_tomeklinks,smote05
119,0.33128504755783317,0.023764999507329698,0.35439322075706997,0.04906744414672981,0.4123957247472131,0.06768838455807964,0.39146731177691285,0.031967621708267384,0.36865550042851614,0.026995748658677442,0.4068668199754403,0.06283550348954212,0.4180470171732491,0.04597591862392866,0.3643113687834621,0.021145252473932268,minmax_scaler,no_tomeklinks,smote10
120,0.33457040392206844,0.023748560823953744,0.38520884010007844,0.035841438385566846,0.40815385733524334,0.07014117786915142,0.3640652063749721,0.04120819207087931,0.40313137438141033,0.031968790130705624,0.4185463341547293,0.06418430843664158,0.39685302609840317,0.0425318960853521,0.3876518462916201,0.034771581627926394,minmax_scaler,no_tomeklinks,smote25
121,0.2910386821129179,0.028765794042384055,0.30798403321211143,0.04527102594972832,0.3124151408417724,0.017165458534161713,0.2735221391175013,0.07387173028947984,0.28270989148330034,0.03464709052344437,0.25165734781146526,0.0732974574772856,0.28484522271398943,0.046409308343920305,0.3376613699963651,0.04786416859387097,minmax_scaler,no_tomeklinks,nearmissv1
122,0.29690637331931663,0.02852485544563273,0.3336114724741236,0.0234551710348925,0.34371286945545765,0.04119291919793994,0.27817341735687323,0.07851296590493677,0.2758830887549132,0.031127795038494315,0.2596172753353476,0.07280983911172044,0.2848897464305498,0.045838060469835955,0.33080223852470403,0.0526447925189139,minmax_scaler,no_tomeklinks,nearmissv1_05
123,0.2625242602969088,0.07012015209091939,0.273038015268816,0.06566264320729373,0.269082826036443,0.05980811867936969,0.26845940063274243,0.07678169131281246,0.2578783966413966,0.052784029413209047,0.24407195656152086,0.0803614168463043,0.2677065667341855,0.06064468726933072,0.27938186062112297,0.07133035322708589,minmax_scaler,no_tomeklinks,nearmissv1_10
124,0.24049523482142138,0.07848518341207142,0.31354562782137574,0.07351914260691424,0.2892414261246143,0.06066696037027238,0.286447535424348,0.07103809713818562,0.26154718700071944,0.04406001976625026,0.2482481416455276,0.08090764215293414,0.26292447238285876,0.07016360717276822,0.3000067663945299,0.06318662388041626,minmax_scaler,no_tomeklinks,nearmissv1_25
125,0.31421466995269226,0.009917222329779974,0.351519940410142,0.023981432951597468,0.3505703712076788,0.027584274394392663,0.4075662152248693,0.05911715544967565,0.3171871750834652,0.03021154880056341,0.34580611889953505,0.04727979013593811,0.32500887158870184,0.02515658843201377,0.33665251089409864,0.02916707923096188,minmax_scaler,no_tomeklinks,nearmissv2
126,0.29323955989044703,0.019210886816823657,0.36295795256024355,0.04503083007194593,0.3633481792238654,0.03327568721850176,0.42636688473678247,0.05016288937448843,0.3300923940394197,0.04450806322259835,0.407494177246167,0.035261116980323214,0.3656158495579391,0.013748824595263722,0.3538311705489467,0.026987271181636633,minmax_scaler,no_tomeklinks,nearmissv2_05
127,0.2913746761536062,0.025940842894933425,0.3671824657499501,0.019283542478167725,0.3738188338559467,0.02152244834184631,0.4423175420434967,0.02994013926823937,0.35949707763714006,0.03656364130994674,0.3866655281234014,0.010212815067676306,0.3774188723650847,0.007459775773001999,0.3648187965351779,0.030501078909511502,minmax_scaler,no_tomeklinks,nearmissv2_10
128,0.3020195574004154,0.045030138704528225,0.3360201948541004,0.0266857313019213,0.35248838259218335,0.028824449792459326,0.3947929661246205,0.05239555239882501,0.3661360194154854,0.04578717676455535,0.36164983312799037,0.06772630243642393,0.37568275960060465,0.05846657397958301,0.35388766241063585,0.023811440070443692,minmax_scaler,no_tomeklinks,nearmissv2_25
129,0.34919004596735015,0.02881906103338316,0.3687639706204814,0.03228431951068804,0.3584325886371046,0.04287560695338496,0.4135878871991757,0.051023279592103524,0.3435183288347884,0.05388634614176725,0.40432341039035513,0.06534443273942903,0.3825839433700489,0.06568403712501783,0.3325736779776184,0.03652672327497234,minmax_scaler,no_tomeklinks,nearmissv3
130,0.3390181314341372,0.01819140253487298,0.34632698376576937,0.06804046963555609,0.3496498470484091,0.030234467354020925,0.3999178661239532,0.037031942173258406,0.3730610753381089,0.03397029603087505,0.3791466024182447,0.05060636444214148,0.35731116007555447,0.04998548987068811,0.3347645656642894,0.03934151861178822,minmax_scaler,no_tomeklinks,nearmissv3_05
131,0.33483671022752115,0.016362903633456324,0.33668503313161674,0.0323737631940047,0.33296733722338845,0.037287963926077985,0.36803566863195336,0.038121832412071927,0.33567205470103906,0.06201246442811956,0.3807539095152823,0.042488162062206805,0.3511244952669899,0.03170398427161004,0.3426266448317459,0.06862830914181915,minmax_scaler,no_tomeklinks,nearmissv3_10
132,0.3456345387467652,0.032491954283553934,0.3369213424555406,0.025244508142710214,0.3508485651064799,0.033600006667169176,0.3875113671278279,0.03252907246392336,0.3502366470060579,0.04040661646340432,0.35954316374044926,0.024135203146135407,0.3516300634073513,0.04371031927091947,0.3479252077958518,0.026092120646598452,minmax_scaler,no_tomeklinks,nearmissv3_25
133,0.33060479232044393,0.02440562744324691,0.3460311467715492,0.023197675543301353,0.38979312050627407,0.025513622680373632,0.33435557367687296,0.014779344182182175,0.3798949430203825,0.014800965681664023,0.37432942682635095,0.013620785690516609,0.38142138351149885,0.00972797852374599,0.38674652405076304,0.010897475401767574,minmax_scaler,tomeklinks,no_sampler
134,0.3260640890632777,0.020654054422457685,0.36946838939873616,0.07294526432910728,0.3881631541446006,0.028290791004094165,0.41593401293809684,0.054099394591048844,0.3585792755516187,0.06228290206165541,0.39003272247963744,0.06442585282900411,0.3860653877150031,0.05774105727263105,0.3544317439754639,0.03272853745941744,minmax_scaler,tomeklinks,rus
135,0.32981313115142424,0.02632640552051375,0.33521597012600246,0.022703628761469846,0.3766907256111065,0.026505936239657222,0.34332001342947377,0.02040523575510743,0.3740694455487277,0.0310307049588714,0.4067880983693656,0.06582605751145575,0.4121579976050308,0.049105137995601046,0.37968798113292224,0.018448368336949034,minmax_scaler,tomeklinks,ros
136,0.33111264218390746,0.023711061847062925,0.3708919617192882,0.021403899273163177,0.405757156550283,0.029536058135637637,0.36093935943100913,0.022035896496319363,0.36918497064091815,0.02281687093888559,0.42709959567184186,0.07600358237584916,0.4302278175272349,0.04971080147523732,0.3873654979007339,0.02134294203392111,minmax_scaler,tomeklinks,smote
137,0.33111264218390746,0.023711061847062925,0.3708919617192882,0.021403899273163177,0.405757156550283,0.029536058135637637,0.36093935943100913,0.022035896496319363,0.36918497064091815,0.02281687093888559,0.42709959567184186,0.07600358237584916,0.4302278175272349,0.04971080147523732,0.3873654979007339,0.02134294203392111,minmax_scaler,tomeklinks,smote05
138,0.3218312591573436,0.03791642213414882,0.3505001871926993,0.024528880347082737,0.41963181045114595,0.067440977513718,0.3569316599414133,0.03931517517348826,0.370848563412928,0.03758748545226777,0.42144724575081033,0.06699796183381101,0.4201283249651354,0.051700512626811336,0.39812409418928263,0.03478005746460734,minmax_scaler,tomeklinks,smote10
139,0.3317640551992043,0.026593907094105588,0.3888917029162818,0.05210273855866184,0.3883992946746194,0.04674207328712885,0.34736996293403627,0.04386846667420973,0.3889743755911361,0.030636268686401163,0.4118969152747288,0.07281901563329589,0.4047155764743284,0.05560833161282658,0.4022235050802793,0.036457823589301955,minmax_scaler,tomeklinks,smote25
140,0.30232465313988877,0.035988173324162306,0.3302882416265541,0.05955532911884619,0.3325185430493679,0.025329767167215918,0.2892071180231672,0.05952660313603585,0.26770359715256575,0.029468561638531645,0.2450539718871628,0.07856400648429447,0.25556951982280135,0.04567321878582779,0.31288818563213155,0.0547280594011917,minmax_scaler,tomeklinks,nearmissv1
141,0.29538572278631714,0.0373132313345037,0.3320855895381235,0.053228395170552494,0.31703012947750464,0.06090500615662976,0.2918571453684359,0.06329028207662131,0.27158073414151174,0.03601284258801773,0.2431836566212427,0.07279458845057205,0.26670826145036364,0.04682516406242744,0.32228849293061856,0.06309112572616912,minmax_scaler,tomeklinks,nearmissv1_05
142,0.2830591564650608,0.040567325855264826,0.3282799602875909,0.07924503614287487,0.27824792538769194,0.04939581251074773,0.27646395234072,0.07058988575096138,0.2542275180273611,0.06644275448507278,0.2537073812587745,0.07220737768173002,0.2809218843656368,0.06859706320501535,0.2888562044327007,0.07571126776488732,minmax_scaler,tomeklinks,nearmissv1_10
143,0.24263044066770934,0.08095115219270836,0.3108011958110937,0.09588310357731321,0.26851155403804833,0.06877031807117243,0.2741441433566121,0.06846409353188472,0.26463749656502994,0.07208497335269963,0.2560213266387971,0.0795256455500481,0.2770351891390863,0.0778485774877829,0.2925773534578563,0.06093707329408967,minmax_scaler,tomeklinks,nearmissv1_25
144,0.3220724208854937,0.0115785032361168,0.3642879635057604,0.04038574589718999,0.35451039937609186,0.026882082238471768,0.4059184070596887,0.059624973798276984,0.32411642854302264,0.033183006665289366,0.3596430031410544,0.04882079328037388,0.3504384743710914,0.021952459562019046,0.34522778016027744,0.022809578745115248,minmax_scaler,tomeklinks,nearmissv2
145,0.29818952416888045,0.03313309827044383,0.34434662033321584,0.016837776683442874,0.33823108337785396,0.03418724720697607,0.4090101659533597,0.05208063135875942,0.3452332073230097,0.04112266541899553,0.40040705964187995,0.03671281149320421,0.3715601507152092,0.02991098775098581,0.34666006069979605,0.036529318266394405,minmax_scaler,tomeklinks,nearmissv2_05
146,0.29439656694600613,0.026970376104729674,0.3845566350830397,0.02088623363394254,0.36614049096753476,0.02342659602266076,0.4402097476098866,0.026980042495400192,0.3291326553244071,0.0518830016631364,0.4083659419551887,0.020132697086382878,0.38108785141294355,0.014164405408596877,0.3532356842734715,0.044070511742933915,minmax_scaler,tomeklinks,nearmissv2_10
147,0.3078788587306287,0.044563956319562906,0.3559313856260745,0.031475777663369835,0.36241263671475754,0.011828764132417395,0.3671355109269269,0.046699757990672074,0.38131123008513895,0.060856278707440405,0.37078617824920607,0.04701460591882302,0.3907573108300951,0.02660755214269281,0.3662995400304404,0.031505303693922626,minmax_scaler,tomeklinks,nearmissv2_25
148,0.33444352031047087,0.02296661439013097,0.33841391211435,0.04920586367977367,0.3618912157655994,0.025910720718171618,0.4279932233856236,0.04502533264129354,0.3524108239798583,0.07093216554716718,0.3969838941111384,0.07680222214094466,0.391067313837742,0.07408074345627623,0.3444955923340298,0.02154916061319839,minmax_scaler,tomeklinks,nearmissv3
149,0.3455492718475238,0.016812876822703396,0.3572921404048367,0.03649040234133704,0.34872192013416,0.04027405757616513,0.3818835271183274,0.04589869302716907,0.36293152698381326,0.034065737492386894,0.3777181441931913,0.0693071276605862,0.36262806841429807,0.05267978440677648,0.35260522863565397,0.05897199911203973,minmax_scaler,tomeklinks,nearmissv3_05
150,0.33358663849970843,0.008199339374321393,0.3680597876853773,0.031091339252943474,0.35254263676730707,0.04869970151781967,0.3819812226248951,0.050574969593518065,0.3338579143212346,0.07234026078709478,0.3779189050419173,0.07119304158169162,0.36338711310348054,0.04270865198677081,0.3364132647970343,0.04527943058236235,minmax_scaler,tomeklinks,nearmissv3_10
151,0.33399587571727,0.026651922497167423,0.3353848835561971,0.033784092791460406,0.35470380309685806,0.02484307114827846,0.3860691536182364,0.024326407453040506,0.3679559058998471,0.024245344431352504,0.3612240248137937,0.02732446611473797,0.3463228783916312,0.04250171038410992,0.35730760618144025,0.0512281464094813,minmax_scaler,tomeklinks,nearmissv3_25
152,0.3309128541416636,0.02281981306056615,0.34977569588842183,0.027113778964083863,0.38391476568334515,0.028909880003434228,0.35290710068411746,0.02169556040678346,0.3754132758580767,0.012731259901027909,0.37294721498251515,0.012883966050767392,0.38690535085084676,0.01566302723761628,0.3754651507641157,0.019502875519858815,maxabs_scaler,no_tomeklinks,no_sampler
153,0.3358430471863151,0.027910156159945805,0.32600770031866055,0.03351939793646438,0.3824066054383811,0.028611657201666967,0.38874077903714715,0.036094097183296314,0.391374248769015,0.08028656591734937,0.4392608050740618,0.07958230810373886,0.392715315059029,0.0904749751489185,0.35594409384157544,0.02610146357175328,maxabs_scaler,no_tomeklinks,rus
154,0.33075012379025404,0.024109806208958084,0.3314708262230637,0.03415575915180776,0.37902649852785986,0.028170585253971914,0.34238610328267594,0.014344762259535947,0.38527729550881257,0.04313534959945801,0.45057004004420254,0.06788196306958634,0.41943303169200286,0.057131811854575575,0.37086876592348517,0.02657806302036058,maxabs_scaler,no_tomeklinks,ros
155,0.33491849301788895,0.025056636448910225,0.3652518493472003,0.05488494643294582,0.38610628973817374,0.034625278778178385,0.3334908000670553,0.01771661167331573,0.3774314694107678,0.04644035262004369,0.44681794708777056,0.07543934876681296,0.436351992974508,0.05966416478799806,0.38457086274804475,0.00939599950334184,maxabs_scaler,no_tomeklinks,smote
156,0.33491849301788895,0.025056636448910225,0.3652518493472003,0.05488494643294582,0.38610628973817374,0.034625278778178385,0.3334908000670553,0.01771661167331573,0.3774314694107678,0.04644035262004369,0.44681794708777056,0.07543934876681296,0.436351992974508,0.05966416478799806,0.38457086274804475,0.00939599950334184,maxabs_scaler,no_tomeklinks,smote05
157,0.3319139783754433,0.022913856887080235,0.3355689952680768,0.058537797260915334,0.38149102611012026,0.03680750874799351,0.3581455620106039,0.019692965158896392,0.3859307861844601,0.03932954349113498,0.4393093525421589,0.0707282891349629,0.4363505888801725,0.061437111632446584,0.3778872602545349,0.023445856624429405,maxabs_scaler,no_tomeklinks,smote10
158,0.33380412039716423,0.023186090560465545,0.37091886756957254,0.02902485666919065,0.4007527905135544,0.04367257113937572,0.3752342584343828,0.01991247433235564,0.4138672641246816,0.05482630081519523,0.4224947396084252,0.06647058685572321,0.42365507907977207,0.06699381027647273,0.3693294353049251,0.03958822326943268,maxabs_scaler,no_tomeklinks,smote25
159,0.28711034577405276,0.032198657366907926,0.31278401319030863,0.05425378146980623,0.30928134303249266,0.05665323026211532,0.26332380297366387,0.07086849907717255,0.25654732259919755,0.0652587278135156,0.24617977177005157,0.07835944578906022,0.2765470964784465,0.06226558499781998,0.2938228684619597,0.031655953974756186,maxabs_scaler,no_tomeklinks,nearmissv1
160,0.2953961534058367,0.03905114332657243,0.3114948588174349,0.05262379706317246,0.33669405806511066,0.05113512187637946,0.2762447937540094,0.06398096988858122,0.27333321300952573,0.05744772288852545,0.24745974751407313,0.07987632407292197,0.28121269210669547,0.0692727339222247,0.2937330591655519,0.0522212778192385,maxabs_scaler,no_tomeklinks,nearmissv1_05
161,0.23260013305436028,0.08657657335330018,0.2768222048398844,0.049226125479167555,0.278291224596135,0.03704328752445966,0.26221381490992174,0.09437945390372354,0.2460198361641018,0.07092109620601228,0.2469829970027262,0.08364499968466123,0.24550723387113144,0.08483779745712812,0.29370065140385637,0.07797809886870759,maxabs_scaler,no_tomeklinks,nearmissv1_10
162,0.24321408329555672,0.08168245986747656,0.26051328223326325,0.061258128120398714,0.26405469756483024,0.08749424053323103,0.2680921266718026,0.06652206645633331,0.25249604637406275,0.07394646865300454,0.25429786969163287,0.07785002177089372,0.2544587476596076,0.08732475404833746,0.2723177395097278,0.08975546644145035,maxabs_scaler,no_tomeklinks,nearmissv1_25
163,0.36683503217950564,0.032507652301226105,0.3829087840875312,0.0359925994351209,0.371841873900732,0.04120580255998688,0.387083652042109,0.036267983341161915,0.3831353644412982,0.03610830175432834,0.3803480105023483,0.031187500288860533,0.3748062177945055,0.031232319830275825,0.37759590789995834,0.039688065205274986,maxabs_scaler,no_tomeklinks,nearmissv2
164,0.3126196905892423,0.049910959772593244,0.3861231602717331,0.05307734570589831,0.38303212609275383,0.04706896508444811,0.39721339987311033,0.04580406461634668,0.3805262912220556,0.03567283397034462,0.37608805841936693,0.024024001512049194,0.3759885384272034,0.04008312138990471,0.38634146482370907,0.04505568367655261,maxabs_scaler,no_tomeklinks,nearmissv2_05
165,0.30368323324134855,0.03897322000818725,0.407409649760186,0.05447933232591225,0.386427670543159,0.03212382613468698,0.4242073072198579,0.04916642870653899,0.37522523607080954,0.04325215192670601,0.3835091342874074,0.019138849029216882,0.38138880570004263,0.005018550409146931,0.36713847871065014,0.038480490637691225,maxabs_scaler,no_tomeklinks,nearmissv2_10
166,0.29000168771364104,0.06254738564253248,0.33036829633080456,0.07639308375021613,0.34303342409709686,0.058246302399001255,0.3644523971500463,0.07297232138949085,0.3651644161279548,0.08201583220670808,0.34635407426959747,0.06304751915313377,0.34498921342323235,0.05784026407883652,0.33268256166406435,0.08557385014463496,maxabs_scaler,no_tomeklinks,nearmissv2_25
167,0.3531218785564717,0.030390956752943968,0.3543475221228523,0.017845857472084437,0.38993793733799276,0.05948520755625776,0.4197111328185385,0.04555053749328608,0.36648871037352515,0.0613971717598986,0.39673568533375375,0.06120932733584867,0.37769626276197044,0.0698477991367744,0.3794503352907236,0.05663191321286614,maxabs_scaler,no_tomeklinks,nearmissv3
168,0.35635220943518436,0.02032972961763146,0.3647641502310967,0.05747325496679224,0.3615170459586118,0.04393554668074628,0.39988246745407235,0.03223828000147848,0.36472699456121316,0.03945451627129764,0.3632179311158177,0.0811934939669176,0.3768174337511958,0.03779119904925103,0.3607653017045548,0.026607120779786254,maxabs_scaler,no_tomeklinks,nearmissv3_05
169,0.3307203462112426,0.02719336826208603,0.3538663406321158,0.015037465430986286,0.33946558692882717,0.034663779244541726,0.3745669746316835,0.0356173142865233,0.3457781347362901,0.03696764949929807,0.38662695783064527,0.047600924272925095,0.3595481262899937,0.047293151541215044,0.366548321408054,0.03161740827671431,maxabs_scaler,no_tomeklinks,nearmissv3_10
170,0.35796851594014945,0.018740151110582647,0.3522691119333549,0.020647172504693265,0.360888698886431,0.02197955272672967,0.3688083134564314,0.016752116203401144,0.3559137872731079,0.037264544174296074,0.3638293949667824,0.023758248997402923,0.3519730574847145,0.0333399492356594,0.347328842902589,0.03461841184704609,maxabs_scaler,no_tomeklinks,nearmissv3_25
171,0.33060479232044393,0.02440562744324691,0.32578342928796555,0.016945149882981982,0.38229955219813605,0.01636888411028678,0.3573182489525145,0.01229350903204116,0.37874524775945273,0.016562952547416108,0.37128418921285083,0.013458477794855999,0.3802477127314636,0.012448853219129813,0.3740757984561488,0.02560125240130585,maxabs_scaler,tomeklinks,no_sampler
172,0.3323936164309084,0.028005923412872988,0.35188908687405135,0.04081303949707179,0.375831251337144,0.04202303180817071,0.39526270433999594,0.019970511281743954,0.3961982350440619,0.06990640559510611,0.46221775251604774,0.09771598564788199,0.41946032414974155,0.07166345965470035,0.3820455596886037,0.039243377130809214,maxabs_scaler,tomeklinks,rus
173,0.33060479232044393,0.02440562744324691,0.3424055130394767,0.02890843850669477,0.38448610792293647,0.025481663865088093,0.36597273641366584,0.02174481726074466,0.3786820105417322,0.03693944277517859,0.42864565130916843,0.06736049143750866,0.41978004169430017,0.06340211443912147,0.3692607789588286,0.028493949405277885,maxabs_scaler,tomeklinks,ros
174,0.3321759516766349,0.02369726812378741,0.3270527225146995,0.03538921549771425,0.38558748055261494,0.030979932876420476,0.3517201274018965,0.01246979616584683,0.37796671307420887,0.042716475221205,0.44613285905103395,0.08443664462558403,0.43382129606614156,0.0621492670434245,0.38098861469167844,0.015023772653271747,maxabs_scaler,tomeklinks,smote
175,0.3321759516766349,0.02369726812378741,0.3270527225146995,0.03538921549771425,0.38558748055261494,0.030979932876420476,0.3517201274018965,0.01246979616584683,0.37796671307420887,0.042716475221205,0.44613285905103395,0.08443664462558403,0.43382129606614156,0.0621492670434245,0.38098861469167844,0.015023772653271747,maxabs_scaler,tomeklinks,smote05
176,0.33207349905230854,0.023646984216612536,0.3461353281419844,0.054567394012290736,0.38463799939769466,0.0506247197868605,0.366090362713415,0.021080525691234347,0.37520307670342956,0.07072623306810182,0.4218235681257891,0.06697092243032626,0.42451560634268554,0.055047681938862544,0.3724544977079002,0.029915954644680942,maxabs_scaler,tomeklinks,smote10
177,0.3338048069051137,0.0290705858485023,0.352931447381991,0.023087297246778125,0.39374655056201857,0.05473094895863636,0.3635886313519308,0.025539670294764845,0.4000956609436427,0.05928870117136121,0.41395420424205465,0.06184076168180673,0.43298718780102086,0.06206613932143991,0.36284329153530936,0.051701808448378815,maxabs_scaler,tomeklinks,smote25
178,0.2930601754647245,0.037066289794221496,0.3415239834772066,0.04494082583824436,0.318434818974572,0.06577933895831826,0.28115432329725193,0.07422583526370449,0.23911766087049213,0.06178747310140192,0.23343106491253537,0.06328742856408119,0.24861539826167484,0.06685554408482813,0.3246417667510816,0.03632965255662609,maxabs_scaler,tomeklinks,nearmissv1
179,0.295951217687224,0.03774799819275985,0.3421970980224787,0.05196242703108732,0.3159120272771861,0.05262965385652685,0.28736816763309725,0.07290507945612179,0.25551418623255334,0.05656860852931487,0.23392342454970488,0.06243150095572227,0.26022834423872165,0.0716963412363544,0.3391388440733768,0.05841432743063011,maxabs_scaler,tomeklinks,nearmissv1_05
180,0.266421395621551,0.07325100375927214,0.2671352403627106,0.08201143074569053,0.2773207805011116,0.046019080320537836,0.275353658853574,0.08907333808594989,0.24695249088089338,0.0920480497905075,0.2478141438495431,0.07962230105612549,0.2580085408172307,0.08485828108792763,0.3080874586172076,0.05416970398989617,maxabs_scaler,tomeklinks,nearmissv1_10
181,0.24171608174010192,0.08725087843127843,0.29406221062847626,0.08539052630404491,0.25325213996732054,0.07220420794199264,0.2783855378968993,0.08168906330806854,0.24890876610415474,0.08286194471007184,0.24785740021654368,0.08292565477569928,0.2523707941922301,0.09499349086936996,0.290245521913159,0.09509019720877528,maxabs_scaler,tomeklinks,nearmissv1_25
182,0.3119873126360608,0.04756934683368618,0.3772451564430085,0.046042498319354024,0.3775632558593111,0.04093997249748874,0.3821058374300419,0.034548038076889345,0.37819026841172665,0.0319773176247878,0.3840875414186816,0.01940207198607062,0.3728863040892016,0.025855257228473306,0.37805962221034534,0.03848304497208879,maxabs_scaler,tomeklinks,nearmissv2
183,0.2981193240455417,0.034431390838726796,0.4020284976524359,0.052545256658067065,0.39559582626536177,0.05180936413263648,0.4150710684441722,0.051187077231647456,0.35997497345360163,0.03702376390242141,0.38290952469338657,0.022768037469967195,0.3831200513953387,0.02835653829430898,0.3955115477487513,0.050715014160339744,maxabs_scaler,tomeklinks,nearmissv2_05
184,0.32042230006027833,0.053077462408244055,0.4017515690206537,0.029848942315699848,0.3796580371077202,0.029643534652383893,0.43476806731387396,0.02427715716179629,0.3656818311996468,0.036432867455156,0.38523428163492135,0.010038816479210297,0.37570729318358453,0.015265108192710049,0.40069769698742774,0.03956531259752728,maxabs_scaler,tomeklinks,nearmissv2_10
185,0.28784012715049606,0.0638049063697263,0.3573257617181657,0.09969693552838067,0.35965596570215796,0.07545207821321076,0.3695215772793089,0.0781912689832035,0.34768356529947275,0.05484360381463774,0.3618430777756635,0.07265592064936052,0.3554950481094006,0.06032945391534628,0.3527910524841037,0.06013245301192089,maxabs_scaler,tomeklinks,nearmissv2_25
186,0.333195775370381,0.024263997023611886,0.38974857160986914,0.05423324050669035,0.400161966460652,0.03753452493655714,0.41709361522585847,0.05854803138373018,0.3834971190531442,0.06956215924720249,0.40445914089265267,0.0723585466079397,0.37748698602431696,0.07116544896870332,0.36214902309127456,0.051775198954112846,maxabs_scaler,tomeklinks,nearmissv3
187,0.3517446710290189,0.02063753997459616,0.380112504005495,0.0414481981698872,0.3476634755054225,0.03228397262424453,0.4268676091020648,0.03618769977885197,0.3609979078252614,0.035893142637397124,0.3821870794619652,0.08382352840928213,0.39417094488964693,0.03497580600998064,0.3609991858142972,0.048724143196084556,maxabs_scaler,tomeklinks,nearmissv3_05
188,0.3363607487135005,0.012509630873387821,0.3527017072523578,0.04310151424612172,0.3485557743985199,0.031028443853363338,0.39193240229691584,0.04571819479567665,0.3594033945541141,0.05479853883776945,0.3817411570141362,0.06388609930769605,0.36431169223468124,0.06101348214211866,0.34557617740417973,0.044195686202924515,maxabs_scaler,tomeklinks,nearmissv3_10
189,0.32206128853180205,0.010137849346819997,0.35916828789576977,0.04676742786692271,0.33555394617767,0.03571544444764816,0.37423702617943,0.026921371315194148,0.3586798720016371,0.03369487987438588,0.37381533747926227,0.03108643695105553,0.3556603885063157,0.027610272817229786,0.33053525180335747,0.047844299607827795,maxabs_scaler,tomeklinks,nearmissv3_25
